{
  "parameters": {
    "sma_200w": {
      "buy": 1.9925667210726365,
      "sell": 3.1796261120893075,
      "decay_buy": 0.9894255599516122,
      "decay_sell": 0.9397761744972105,
      "decay": 0.9397761744972105
    },
    "ma_50w": {
      "bull_ext": 2.3390003976436673,
      "bull_supp": 1.1972620199371302,
      "bear_res": 0.6590755207939609,
      "bear_deep": 0.6513515724447093
    },
    "fg": {
      "ema_period": 43,
      "buy": 27.732492527268274,
      "sell": 50.81234062703959
    },
    "rsi": {
      "period": 17,
      "buy": 17.79861804212683,
      "sell": 104.02937882588044
    }
  },
  "weights": {
    "w_200w": 1.2744390632168228,
    "w_50w": 1.0241169921709963,
    "w_fg": 1.705557790158794,
    "w_rsi": 1.5920324408105369
  },
  "final_value": 45816.472539211085,
  "total_return": 4481.647253921108,
  "system": "5-stage optimization with DUAL DECAY (18 params, weight constraint: max 2.0)"
}