{
  "parameters": {
    "sma_200w": {
      "buy": 1.6433362695866105,
      "sell": 3.4202843576616657,
      "decay_buy": 0.9770442226025838,
      "decay_sell": 0.9247628417947716,
      "decay": 0.9247628417947716
    },
    "ma_50w": {
      "bull_ext": 2.20443252257474,
      "bull_supp": 1.2614293464478978,
      "bear_res": 0.6508342234176995,
      "bear_deep": 0.5388777383262451
    },
    "fg": {
      "ema_period": 30,
      "buy": 20.140604909830817,
      "sell": 73.58212152350153
    },
    "rsi": {
      "period": 26,
      "buy": 26.264638962946336,
      "sell": 84.4197568380832
    }
  },
  "weights": {
    "w_200w": 2.763176172316284,
    "w_50w": 2.514621008927044,
    "w_fg": 1.0693868851930621,
    "w_rsi": 1.5537561138323135
  },
  "final_value": 49544.69281811124,
  "total_return": 4854.469281811123,
  "system": "5-stage optimization with DUAL DECAY (18 params, no constraints)"
}