{
  "parameters": {
    "sma_200w": {
      "buy": 1.64487909863582,
      "sell": 3.3880794944379917,
      "decay": 0.9280259453660625
    },
    "ma_50w": {
      "bull_ext": 2.2821207363563984,
      "bull_supp": 1.2613563933476615,
      "bear_res": 0.7020655109794378,
      "bear_deep": 0.6525330517361911
    },
    "fg": {
      "ema_period": 25,
      "buy": 20.450407635921408,
      "sell": 60.03582384487491
    },
    "rsi": {
      "period": 25,
      "buy": 26.096594617389638,
      "sell": 97.70040838075467
    }
  },
  "weights": {
    "w_200w": 1.2533330113538756,
    "w_50w": 2.602626480187686,
    "w_fg": 1.1655299660586793,
    "w_rsi": 2.3867773388265165
  },
  "final_value": 48658.99929687693,
  "total_return": 4765.899929687693,
  "system": "5-stage optimization (17 params, no constraints)"
}